{
  "firstLayout": "Overworld",
  "gdVersion": {
    "build": 217,
    "major": 5,
    "minor": 4,
    "revision": 0
  },
  "properties": {
    "adaptGameResolutionAtRuntime": false,
    "antialiasingMode": "MSAA",
    "antialisingEnabledOnMobile": false,
    "folderProject": true,
    "orientation": "landscape",
    "packageName": "com.example.topdownrpg",
    "pixelsRounding": false,
    "projectUuid": "27f13a71-1173-471f-9d1e-45b5ebfbed74",
    "scaleMode": "linear",
    "sizeOnStartupMode": "",
    "templateSlug": "top-down-rpg",
    "useExternalSourceFiles": false,
    "version": "1.0.0",
    "name": "escaperoom2",
    "description": "A monster tamer style top down rpg game example. Including top down movement, scrolling text during chat, camera controls, and a simple battle sequence.",
    "author": "",
    "windowWidth": 1280,
    "windowHeight": 720,
    "latestCompilationDirectory": "",
    "maxFPS": 60,
    "minFPS": 20,
    "verticalSync": false,
    "platformSpecificAssets": {
      "android-icon-144": "",
      "android-icon-192": "",
      "android-icon-36": "",
      "android-icon-48": "",
      "android-icon-72": "",
      "android-icon-96": "",
      "android-windowSplashScreenAnimatedIcon": "",
      "desktop-icon-512": "",
      "ios-icon-100": "",
      "ios-icon-1024": "",
      "ios-icon-114": "",
      "ios-icon-120": "",
      "ios-icon-144": "",
      "ios-icon-152": "",
      "ios-icon-167": "",
      "ios-icon-180": "",
      "ios-icon-20": "",
      "ios-icon-29": "",
      "ios-icon-40": "",
      "ios-icon-50": "",
      "ios-icon-57": "",
      "ios-icon-58": "",
      "ios-icon-60": "",
      "ios-icon-72": "",
      "ios-icon-76": "",
      "ios-icon-80": "",
      "ios-icon-87": "",
      "liluo-thumbnail": "thumbnail.png"
    },
    "loadingScreen": {
      "backgroundColor": 0,
      "backgroundFadeInDuration": 0.2,
      "backgroundImageResourceName": "",
      "gdevelopLogoStyle": "light",
      "logoAndProgressFadeInDuration": 0.2,
      "logoAndProgressLogoFadeInDelay": 0.2,
      "minDuration": 1.5,
      "progressBarColor": 16777215,
      "progressBarHeight": 20,
      "progressBarMaxWidth": 200,
      "progressBarMinWidth": 40,
      "progressBarWidthPercent": 30,
      "showGDevelopSplash": true,
      "showProgressBar": true
    },
    "watermark": {
      "placement": "bottom-left",
      "showWatermark": true
    },
    "authorIds": [],
    "authorUsernames": [],
    "categories": [
      "rpg"
    ],
    "playableDevices": [
      "keyboard"
    ],
    "extensionProperties": [],
    "platforms": [
      {
        "name": "GDevelop JS platform"
      }
    ],
    "currentPlatform": "GDevelop JS platform"
  },
  "resources": {
    "resources": [
      {
        "alwaysLoaded": false,
        "file": "assets/ACharDown1.png",
        "kind": "image",
        "metadata": "",
        "name": "ACharDown1.png",
        "smoothed": false,
        "userAdded": true
      },
      {
        "alwaysLoaded": false,
        "file": "assets/ACharDown2.png",
        "kind": "image",
        "metadata": "",
        "name": "ACharDown2.png",
        "smoothed": false,
        "userAdded": true
      },
      {
        "alwaysLoaded": false,
        "file": "assets/ACharDown3.png",
        "kind": "image",
        "metadata": "",
        "name": "ACharDown3.png",
        "smoothed": false,
        "userAdded": true
      },
      {
        "alwaysLoaded": false,
        "file": "assets/ACharDown4.png",
        "kind": "image",
        "metadata": "",
        "name": "ACharDown4.png",
        "smoothed": false,
        "userAdded": true
      },
      {
        "alwaysLoaded": false,
        "file": "assets/ACgarRight1.png",
        "kind": "image",
        "metadata": "",
        "name": "ACgarRight1.png",
        "smoothed": false,
        "userAdded": true
      },
      {
        "alwaysLoaded": false,
        "file": "assets/ACgarRight2.png",
        "kind": "image",
        "metadata": "",
        "name": "ACgarRight2.png",
        "smoothed": false,
        "userAdded": true
      },
      {
        "alwaysLoaded": false,
        "file": "assets/ACgarRight3.png",
        "kind": "image",
        "metadata": "",
        "name": "ACgarRight3.png",
        "smoothed": false,
        "userAdded": true
      },
      {
        "alwaysLoaded": false,
        "file": "assets/ACgarRight4.png",
        "kind": "image",
        "metadata": "",
        "name": "ACgarRight4.png",
        "smoothed": false,
        "userAdded": true
      },
      {
        "alwaysLoaded": false,
        "file": "assets/ACharLeft1.png",
        "kind": "image",
        "metadata": "",
        "name": "ACharLeft1.png",
        "smoothed": false,
        "userAdded": true
      },
      {
        "alwaysLoaded": false,
        "file": "assets/ACharLeft2.png",
        "kind": "image",
        "metadata": "",
        "name": "ACharLeft2.png",
        "smoothed": false,
        "userAdded": true
      },
      {
        "alwaysLoaded": false,
        "file": "assets/ACharLeft3.png",
        "kind": "image",
        "metadata": "",
        "name": "ACharLeft3.png",
        "smoothed": false,
        "userAdded": true
      },
      {
        "alwaysLoaded": false,
        "file": "assets/ACharLeft4.png",
        "kind": "image",
        "metadata": "",
        "name": "ACharLeft4.png",
        "smoothed": false,
        "userAdded": true
      },
      {
        "alwaysLoaded": false,
        "file": "assets/ACharUp1.png",
        "kind": "image",
        "metadata": "",
        "name": "ACharUp1.png",
        "smoothed": false,
        "userAdded": true
      },
      {
        "alwaysLoaded": false,
        "file": "assets/ACharUp2.png",
        "kind": "image",
        "metadata": "",
        "name": "ACharUp2.png",
        "smoothed": false,
        "userAdded": true
      },
      {
        "alwaysLoaded": false,
        "file": "assets/ACharUp3.png",
        "kind": "image",
        "metadata": "",
        "name": "ACharUp3.png",
        "smoothed": false,
        "userAdded": true
      },
      {
        "alwaysLoaded": false,
        "file": "assets/ACharUp4.png",
        "kind": "image",
        "metadata": "",
        "name": "ACharUp4.png",
        "smoothed": false,
        "userAdded": true
      },
      {
        "alwaysLoaded": false,
        "file": "assets/Tree1.png",
        "kind": "image",
        "metadata": "",
        "name": "Tree1.png",
        "smoothed": false,
        "userAdded": true
      },
      {
        "alwaysLoaded": false,
        "file": "assets/Tree2.png",
        "kind": "image",
        "metadata": "",
        "name": "Tree2.png",
        "smoothed": false,
        "userAdded": true
      },
      {
        "alwaysLoaded": false,
        "file": "assets/Bush1.png",
        "kind": "image",
        "metadata": "",
        "name": "Bush1.png",
        "smoothed": false,
        "userAdded": true
      },
      {
        "alwaysLoaded": false,
        "file": "assets/House1.png",
        "kind": "image",
        "metadata": "",
        "name": "House1.png",
        "smoothed": false,
        "userAdded": true
      },
      {
        "alwaysLoaded": false,
        "file": "assets/House2.png",
        "kind": "image",
        "metadata": "",
        "name": "House2.png",
        "smoothed": false,
        "userAdded": true
      },
      {
        "alwaysLoaded": false,
        "file": "assets/Grass1.png",
        "kind": "image",
        "metadata": "",
        "name": "Grass1.png",
        "smoothed": false,
        "userAdded": true
      },
      {
        "file": "assets/8BitOperatorPlus8Regular_Edited.fnt",
        "kind": "bitmapFont",
        "metadata": "",
        "name": "8BitOperatorPlus8Regular_Edited.fnt",
        "userAdded": false
      },
      {
        "alwaysLoaded": false,
        "file": "assets/8BitOperatorPlus8Regular_Edited.png",
        "kind": "image",
        "metadata": "",
        "name": "8BitOperatorPlus8Regular_Edited.png",
        "smoothed": false,
        "userAdded": false
      },
      {
        "alwaysLoaded": false,
        "file": "assets/Border.png",
        "kind": "image",
        "metadata": "",
        "name": "Border.png",
        "smoothed": false,
        "userAdded": false
      },
      {
        "alwaysLoaded": false,
        "file": "assets/Border2.png",
        "kind": "image",
        "metadata": "",
        "name": "Border2.png",
        "smoothed": false,
        "userAdded": false
      },
      {
        "file": "assets/Attack.wav",
        "kind": "audio",
        "metadata": "{\"jfxr\":{\"data\":\"{\\\"_version\\\":1,\\\"_name\\\":\\\"Jump 1\\\",\\\"_locked\\\":[],\\\"sampleRate\\\":44100,\\\"attack\\\":0,\\\"sustain\\\":0.1,\\\"sustainPunch\\\":50,\\\"decay\\\":0.35000000000000003,\\\"tremoloDepth\\\":19,\\\"tremoloFrequency\\\":27,\\\"frequency\\\":10000,\\\"frequencySweep\\\":-4800,\\\"frequencyDeltaSweep\\\":-4100,\\\"repeatFrequency\\\":0,\\\"frequencyJump1Onset\\\":33,\\\"frequencyJump1Amount\\\":0,\\\"frequencyJump2Onset\\\":66,\\\"frequencyJump2Amount\\\":0,\\\"harmonics\\\":0,\\\"harmonicsFalloff\\\":0.5,\\\"waveform\\\":\\\"brownnoise\\\",\\\"interpolateNoise\\\":true,\\\"vibratoDepth\\\":0,\\\"vibratoFrequency\\\":10,\\\"squareDuty\\\":50,\\\"squareDutySweep\\\":0,\\\"flangerOffset\\\":0,\\\"flangerOffsetSweep\\\":0,\\\"bitCrush\\\":16,\\\"bitCrushSweep\\\":0,\\\"lowPassCutoff\\\":22050,\\\"lowPassCutoffSweep\\\":0,\\\"highPassCutoff\\\":0,\\\"highPassCutoffSweep\\\":0,\\\"compression\\\":1,\\\"normalization\\\":true,\\\"amplification\\\":100}\",\"name\":\"Attack\"}}",
        "name": "Attack.wav",
        "preloadAsMusic": false,
        "preloadAsSound": true,
        "preloadInCache": false,
        "userAdded": true
      },
      {
        "file": "assets/Talk.wav",
        "kind": "audio",
        "metadata": "{\"jfxr\":{\"data\":\"{\\\"_version\\\":1,\\\"_name\\\":\\\"Jump 1\\\",\\\"_locked\\\":[],\\\"sampleRate\\\":44100,\\\"attack\\\":0.03461516912647311,\\\"sustain\\\":0.06,\\\"sustainPunch\\\":0,\\\"decay\\\":0.2,\\\"tremoloDepth\\\":0,\\\"tremoloFrequency\\\":10,\\\"frequency\\\":399.07212207604067,\\\"frequencySweep\\\":9999.999999999698,\\\"frequencyDeltaSweep\\\":0.8611028349862437,\\\"repeatFrequency\\\":0,\\\"frequencyJump1Onset\\\":33,\\\"frequencyJump1Amount\\\":0,\\\"frequencyJump2Onset\\\":66,\\\"frequencyJump2Amount\\\":0,\\\"harmonics\\\":0,\\\"harmonicsFalloff\\\":0.5,\\\"waveform\\\":\\\"square\\\",\\\"interpolateNoise\\\":true,\\\"vibratoDepth\\\":370,\\\"vibratoFrequency\\\":572,\\\"squareDuty\\\":10,\\\"squareDutySweep\\\":-30,\\\"flangerOffset\\\":0,\\\"flangerOffsetSweep\\\":0,\\\"bitCrush\\\":16,\\\"bitCrushSweep\\\":0,\\\"lowPassCutoff\\\":22050,\\\"lowPassCutoffSweep\\\":0,\\\"highPassCutoff\\\":0,\\\"highPassCutoffSweep\\\":0,\\\"compression\\\":1,\\\"normalization\\\":true,\\\"amplification\\\":100}\",\"name\":\"Talk\"}}",
        "name": "Talk.wav",
        "preloadAsMusic": false,
        "preloadAsSound": true,
        "preloadInCache": false,
        "userAdded": true
      },
      {
        "file": "assets/HoverSound.wav",
        "kind": "audio",
        "metadata": "{\"jfxr\":{\"data\":\"{\\\"_version\\\":1,\\\"_name\\\":\\\"Jump 1\\\",\\\"_locked\\\":[],\\\"sampleRate\\\":44100,\\\"attack\\\":0.011876134915122183,\\\"sustain\\\":0.01,\\\"sustainPunch\\\":0,\\\"decay\\\":0.02,\\\"tremoloDepth\\\":0,\\\"tremoloFrequency\\\":10,\\\"frequency\\\":1012.4426242250636,\\\"frequencySweep\\\":9999.999999999698,\\\"frequencyDeltaSweep\\\":995.5111583241919,\\\"repeatFrequency\\\":0,\\\"frequencyJump1Onset\\\":33,\\\"frequencyJump1Amount\\\":0,\\\"frequencyJump2Onset\\\":66,\\\"frequencyJump2Amount\\\":0,\\\"harmonics\\\":0,\\\"harmonicsFalloff\\\":0.71,\\\"waveform\\\":\\\"triangle\\\",\\\"interpolateNoise\\\":true,\\\"vibratoDepth\\\":0,\\\"vibratoFrequency\\\":10,\\\"squareDuty\\\":70,\\\"squareDutySweep\\\":0,\\\"flangerOffset\\\":0,\\\"flangerOffsetSweep\\\":0,\\\"bitCrush\\\":16,\\\"bitCrushSweep\\\":0,\\\"lowPassCutoff\\\":22050,\\\"lowPassCutoffSweep\\\":0,\\\"highPassCutoff\\\":0,\\\"highPassCutoffSweep\\\":0,\\\"compression\\\":1,\\\"normalization\\\":true,\\\"amplification\\\":100}\",\"name\":\"HoverSound\"}}",
        "name": "HoverSound.wav",
        "preloadAsMusic": false,
        "preloadAsSound": false,
        "preloadInCache": false,
        "userAdded": true
      },
      {
        "alwaysLoaded": false,
        "file": "assets/Creature_Player.png",
        "kind": "image",
        "metadata": "",
        "name": "assets\\Creature_Player.png",
        "smoothed": false,
        "userAdded": true
      },
      {
        "alwaysLoaded": false,
        "file": "assets/Creature_Enemy.png",
        "kind": "image",
        "metadata": "",
        "name": "assets\\Creature_Enemy.png",
        "smoothed": false,
        "userAdded": true
      },
      {
        "alwaysLoaded": false,
        "file": "assets/thumbnail.png",
        "kind": "image",
        "metadata": "",
        "name": "thumbnail.png",
        "smoothed": false,
        "userAdded": true
      },
      {
        "alwaysLoaded": false,
        "file": "assets/Shaded dark joystick border.png",
        "kind": "image",
        "metadata": "",
        "name": "Shaded dark joystick border.png",
        "smoothed": true,
        "userAdded": false,
        "origin": {
          "identifier": "https://asset-resources.gdevelop.io/public-resources/Multitouch joysticks/dd6e3c2d11ba02bd5a052cd47908e851b656d0fb492b52006afa4843e597d0cc_Shaded dark joystick border.png",
          "name": "Shaded dark joystick border.png"
        }
      },
      {
        "alwaysLoaded": false,
        "file": "assets/Shaded dark joystick thumb.png",
        "kind": "image",
        "metadata": "",
        "name": "Shaded dark joystick thumb.png",
        "smoothed": true,
        "userAdded": false,
        "origin": {
          "identifier": "https://asset-resources.gdevelop.io/public-resources/Multitouch joysticks/13d8225be69d0f11b6de965cac0d840e7e63e2510a638af89ae42b052caa2460_Shaded dark joystick thumb.png",
          "name": "Shaded dark joystick thumb.png"
        }
      },
      {
        "alwaysLoaded": false,
        "file": "assets/Target round button.png",
        "kind": "image",
        "metadata": "",
        "name": "Target round button.png",
        "smoothed": true,
        "userAdded": false,
        "origin": {
          "identifier": "https://asset-resources.gdevelop.io/public-resources/On-Screen Controls/Sprites/Shaded Dark/abb64f9b109c792191a2f50aee5fb4703bdf2392d821e771303ee07dfeb85166_Target round button.png",
          "name": "Target round button.png"
        }
      },
      {
        "alwaysLoaded": false,
        "file": "assets/Flat Bar Red Fill Bar.png",
        "kind": "image",
        "metadata": "",
        "name": "Flat Bar Red Fill Bar.png",
        "smoothed": false,
        "userAdded": false,
        "origin": {
          "identifier": "https://asset-resources.gdevelop.io/public-resources/Resource bars/pixel art/212e9679eaae4753beaa5d595d7c80ea66df3235485c6a3963e88b0d936a1798_Flat Bar Red Fill Bar.png",
          "name": "Flat Bar Red Fill Bar.png"
        }
      },
      {
        "alwaysLoaded": false,
        "file": "assets/Flat Bar White Border.png",
        "kind": "image",
        "metadata": "",
        "name": "Flat Bar White Border.png",
        "smoothed": false,
        "userAdded": false,
        "origin": {
          "identifier": "https://asset-resources.gdevelop.io/public-resources/Resource bars/pixel art/c090d31cafed0c8ef7bb4d5af75a7dbf7149bcc03a7d5d63ae997d59100e362e_Flat Bar White Border.png",
          "name": "Flat Bar White Border.png"
        }
      },
      {
        "alwaysLoaded": false,
        "file": "assets/TilesetFloor.png",
        "kind": "image",
        "metadata": "",
        "name": "TilesetFloor.png",
        "smoothed": false,
        "userAdded": false
      },
      {
        "alwaysLoaded": false,
        "file": "assets/TilesetWater.png",
        "kind": "image",
        "metadata": "",
        "name": "TilesetWater.png",
        "smoothed": false,
        "userAdded": false
      },
      {
        "alwaysLoaded": false,
        "file": "assets/Silver Key.png",
        "kind": "image",
        "metadata": "{\"localFilePath\":\"assets/Silver Key.png\",\"extension\":\".png\"}",
        "name": "Silver Key.png",
        "smoothed": false,
        "userAdded": false,
        "origin": {
          "identifier": "https://asset-resources.gdevelop.io/public-resources/16x16 Pixel art RPG Items/Collectable items/8ab0d2becaa6fd92b249306eb2366ddf54eec25a0ae26ad4be1d9c56605ef040_Silver Key.png",
          "name": "Silver Key.png"
        }
      },
      {
        "alwaysLoaded": false,
        "file": "assets/Gold Key.png",
        "kind": "image",
        "metadata": "",
        "name": "Gold Key.png",
        "smoothed": false,
        "userAdded": false,
        "origin": {
          "identifier": "https://asset-resources.gdevelop.io/public-resources/16x16 Pixel art RPG Items/Collectable items/fdcb7a1555a367b7b6d59d29c88d2e385553db814f24888047ec57706c2b8956_Gold Key.png",
          "name": "Gold Key.png"
        }
      },
      {
        "alwaysLoaded": false,
        "file": "assets/Bronze Key.png",
        "kind": "image",
        "metadata": "",
        "name": "Bronze Key.png",
        "smoothed": false,
        "userAdded": false,
        "origin": {
          "identifier": "https://asset-resources.gdevelop.io/public-resources/16x16 RPG Item Pack/Items/e47402ab216b625c07c47e0ed87f7de1c4db73f858cf7c18ede201ceb23adf71_Bronze Key.png",
          "name": "Bronze Key.png"
        }
      },
      {
        "alwaysLoaded": false,
        "file": "assets/Green Key.png",
        "kind": "image",
        "metadata": "{\"localFilePath\":\"assets/Green Key.png\",\"extension\":\".png\"}",
        "name": "Green Key.png",
        "smoothed": true,
        "userAdded": false,
        "origin": {
          "identifier": "https://asset-resources.gdevelop.io/public-resources/Abstract Platformer Pack (370 assets)/PNG/Items/39f9b4575e28e22aaf862bd760ce8538cd4ad27e52bedc3a772ba1b2bb7434fe_Green Key.png",
          "name": "Green Key.png"
        }
      },
      {
        "alwaysLoaded": false,
        "file": "assets/Red Key.png",
        "kind": "image",
        "metadata": "{\"localFilePath\":\"assets/Red Key.png\",\"extension\":\".png\"}",
        "name": "Red Key.png",
        "smoothed": true,
        "userAdded": false,
        "origin": {
          "identifier": "https://asset-resources.gdevelop.io/public-resources/Abstract Platformer Pack (370 assets)/PNG/Items/b2d1041c7b9562d431d5fb2308030a150406882e385454379e532668077dbd66_Red Key.png",
          "name": "Red Key.png"
        }
      },
      {
        "alwaysLoaded": false,
        "file": "assets/Red Key2.png",
        "kind": "image",
        "metadata": "{\"extension\":\".png\"}",
        "name": "Red Key",
        "smoothed": true,
        "userAdded": false
      },
      {
        "alwaysLoaded": false,
        "file": "assets/Green Key2.png",
        "kind": "image",
        "metadata": "{\"extension\":\".png\"}",
        "name": "Green Key",
        "smoothed": true,
        "userAdded": false
      },
      {
        "alwaysLoaded": false,
        "file": "assets/Red Key3.png",
        "kind": "image",
        "metadata": "{\"extension\":\".png\"}",
        "name": "Red Key2",
        "smoothed": true,
        "userAdded": false
      },
      {
        "alwaysLoaded": false,
        "file": "assets/Silver Key2.png",
        "kind": "image",
        "metadata": "",
        "name": "Silver Key.png2",
        "smoothed": false,
        "userAdded": false,
        "origin": {
          "identifier": "https://asset-resources.gdevelop.io/public-resources/16x16 RPG Item Pack/Items/91d876f7fdc5267f12852be2de34c1dee04718263902b9813a588d9b7e87a826_Silver Key.png",
          "name": "Silver Key.png"
        }
      },
      {
        "alwaysLoaded": false,
        "file": "assets/Green Key3.png",
        "kind": "image",
        "metadata": "{\"extension\":\".png\"}",
        "name": "Green Key2",
        "smoothed": true,
        "userAdded": false
      },
      {
        "alwaysLoaded": false,
        "file": "assets/Red Key4.png",
        "kind": "image",
        "metadata": "{\"extension\":\".png\"}",
        "name": "Red Key3",
        "smoothed": true,
        "userAdded": false
      },
      {
        "alwaysLoaded": false,
        "file": "assets/Inventory Slot Empty2.png",
        "kind": "image",
        "metadata": "{\"localFilePath\":\"assets/Inventory Slot Empty2.png\",\"extension\":\".png\"}",
        "name": "Inventory Slot Empty2.png",
        "smoothed": false,
        "userAdded": false,
        "origin": {
          "identifier": "https://asset-resources.gdevelop.io/public-resources/Retro Pixelart UI/Pixel art/f305fdf036385c51430f108916e26673103cf13a716df6d34e7aabafe2d77b36_Inventory Slot Empty2.png",
          "name": "Inventory Slot Empty2.png"
        }
      },
      {
        "alwaysLoaded": false,
        "file": "assets/Inventory Slot Empty3.png",
        "kind": "image",
        "metadata": "{\"extension\":\".png\"}",
        "name": "Inventory Slot Empty2",
        "smoothed": true,
        "userAdded": false
      },
      {
        "alwaysLoaded": false,
        "file": "assets/Inventory Slot Empty4.png",
        "kind": "image",
        "metadata": "{\"extension\":\".png\"}",
        "name": "Inventory Slot Empty3",
        "smoothed": true,
        "userAdded": false
      },
      {
        "alwaysLoaded": false,
        "file": "assets/NewTiledSprite.png",
        "kind": "image",
        "metadata": "{\"extension\":\".png\",\"pskl\":{}}",
        "name": "NewTiledSprite",
        "smoothed": true,
        "userAdded": false
      },
      {
        "alwaysLoaded": false,
        "file": "assets/Health_03.png",
        "kind": "image",
        "metadata": "",
        "name": "Health_03.png",
        "smoothed": false,
        "userAdded": false,
        "origin": {
          "identifier": "https://asset-resources.gdevelop.io/public-resources/Retro Pixelart UI/Pixel art/UI/8cddc3e3f95a217394bfcb8087304fb97b2381587c34ead5dc593ac07efabb6e_Health_03.png",
          "name": "Health_03.png"
        }
      },
      {
        "alwaysLoaded": false,
        "file": "assets/Health_03_Bar02.png",
        "kind": "image",
        "metadata": "",
        "name": "Health_03_Bar02.png",
        "smoothed": false,
        "userAdded": false,
        "origin": {
          "identifier": "https://asset-resources.gdevelop.io/public-resources/Retro Pixelart UI/Pixel art/UI/477b57494a4febc1d9d4e891791f6d4d7921e80c1891f8e6a0dfbbc1836d8aed_Health_03_Bar02.png",
          "name": "Health_03_Bar02.png"
        }
      },
      {
        "alwaysLoaded": false,
        "file": "assets/Health_03_Bar03.png",
        "kind": "image",
        "metadata": "",
        "name": "Health_03_Bar03.png",
        "smoothed": false,
        "userAdded": false,
        "origin": {
          "identifier": "https://asset-resources.gdevelop.io/public-resources/Retro Pixelart UI/Pixel art/UI/4295fd7e7c15246681e1250e5007db2f82d52d953eae95f4c060b7c3b84ca158_Health_03_Bar03.png",
          "name": "Health_03_Bar03.png"
        }
      },
      {
        "alwaysLoaded": false,
        "file": "assets/Health_03.png2.png",
        "kind": "image",
        "metadata": "{\"extension\":\".png\",\"pskl\":{}}",
        "name": "Health_03.png2",
        "smoothed": true,
        "userAdded": false
      },
      {
        "alwaysLoaded": false,
        "file": "assets/Health_03_Bar03.png2.png",
        "kind": "image",
        "metadata": "{\"extension\":\".png\",\"pskl\":{}}",
        "name": "Health_03_Bar03.png2",
        "smoothed": true,
        "userAdded": false
      },
      {
        "alwaysLoaded": false,
        "file": "assets/Health_03_Bar03.png3.png",
        "kind": "image",
        "metadata": "{\"extension\":\".png\",\"pskl\":{}}",
        "name": "Health_03_Bar03.png3",
        "smoothed": true,
        "userAdded": false
      },
      {
        "alwaysLoaded": false,
        "file": "assets/Health_03_Bar02.png2.png",
        "kind": "image",
        "metadata": "{\"extension\":\".png\",\"pskl\":{}}",
        "name": "Health_03_Bar02.png2",
        "smoothed": true,
        "userAdded": false
      },
      {
        "alwaysLoaded": false,
        "file": "assets/Health_03.png3.png",
        "kind": "image",
        "metadata": "{\"extension\":\".png\",\"pskl\":{}}",
        "name": "Health_03.png3",
        "smoothed": true,
        "userAdded": false
      },
      {
        "alwaysLoaded": false,
        "file": "assets/Dot Bar Green Border.png",
        "kind": "image",
        "metadata": "",
        "name": "Dot Bar Green Border.png",
        "smoothed": false,
        "userAdded": false,
        "origin": {
          "identifier": "https://asset-resources.gdevelop.io/public-resources/Resource bars/pixel art/e0754c6008a7f3ec35ce32d663263982cd7a67f91974977d1c1247b90891b1b9_Dot Bar Green Border.png",
          "name": "Dot Bar Green Border.png"
        }
      },
      {
        "alwaysLoaded": false,
        "file": "assets/Dot Bar Green Fill Bar.png",
        "kind": "image",
        "metadata": "{\"localFilePath\":\"assets/Dot Bar Green Fill Bar.png\",\"extension\":\".png\",\"pskl\":{}}",
        "name": "Dot Bar Green Fill Bar.png",
        "smoothed": false,
        "userAdded": false,
        "origin": {
          "identifier": "https://asset-resources.gdevelop.io/public-resources/Resource bars/pixel art/11956f33bb9a6ca4997feced357ff80d8b2597367951d4ab34cd67d5a2d8b054_Dot Bar Green Fill Bar.png",
          "name": "Dot Bar Green Fill Bar.png"
        }
      },
      {
        "file": "assets/Walk_03.wav",
        "kind": "audio",
        "metadata": "",
        "name": "c28cb70352c8781281c29825066e546bc615f2021ce49952d8edb395ca18c4cb_Walk_03.wav",
        "preloadAsMusic": false,
        "preloadAsSound": false,
        "preloadInCache": false,
        "userAdded": false,
        "origin": {
          "identifier": "https://asset-resources.gdevelop.io/public-resources/SoundEffects/Nox Footsteps/Tile/Walk/c28cb70352c8781281c29825066e546bc615f2021ce49952d8edb395ca18c4cb_Walk_03.wav",
          "name": "gdevelop-asset-store"
        }
      },
      {
        "file": "assets/Walk_04.wav",
        "kind": "audio",
        "metadata": "",
        "name": "ab1ad43b3b3ee85318d786c7b06e4cb6296ca714b94ae9215cfe23e43a3e06c0_Walk_03.wav",
        "preloadAsMusic": false,
        "preloadAsSound": false,
        "preloadInCache": false,
        "userAdded": false,
        "origin": {
          "identifier": "https://asset-resources.gdevelop.io/public-resources/SoundEffects/Nox Footsteps/Wood/Walk/ab1ad43b3b3ee85318d786c7b06e4cb6296ca714b94ae9215cfe23e43a3e06c0_Walk_03.wav",
          "name": "gdevelop-asset-store"
        }
      },
      {
        "file": "assets/The Land of the Dead.aac",
        "kind": "audio",
        "metadata": "",
        "name": "449bbaa2a76f1be74d7b8d6c61713da993ee10a6cd33fc1f52f6135d53c56a6f_The Land of the Dead.aac",
        "preloadAsMusic": false,
        "preloadAsSound": false,
        "preloadInCache": false,
        "userAdded": false,
        "origin": {
          "identifier": "https://asset-resources.gdevelop.io/public-resources/Music/Horror/449bbaa2a76f1be74d7b8d6c61713da993ee10a6cd33fc1f52f6135d53c56a6f_The Land of the Dead.aac",
          "name": "gdevelop-asset-store"
        }
      }
    ],
    "resourceFolders": []
  },
  "objects": [
    {
      "assetStoreId": "",
      "name": "Transition",
      "type": "PrimitiveDrawing::Drawer",
      "variables": [],
      "effects": [],
      "behaviors": [
        {
          "name": "FlashTransitionPainter",
          "type": "FlashTransitionPainter::FlashTransitionPainter",
          "Timer": 1,
          "Color": "255;255;255",
          "Type": "",
          "Direction": "",
          "MaxOpacity": 255
        }
      ],
      "fillOpacity": 255,
      "outlineSize": 1,
      "outlineOpacity": 255,
      "absoluteCoordinates": false,
      "clearBetweenFrames": true,
      "antialiasing": "none",
      "fillColor": {
        "r": 255,
        "g": 255,
        "b": 255
      },
      "outlineColor": {
        "r": 0,
        "g": 0,
        "b": 0
      }
    }
  ],
  "objectsFolderStructure": {
    "folderName": "__ROOT",
    "children": [
      {
        "objectName": "Transition"
      }
    ]
  },
  "objectsGroups": [],
  "variables": [],
  "layouts": [
    {
      "__REFERENCE_TO_SPLIT_OBJECT": true,
      "referenceTo": "/layouts/overworld"
    },
    {
      "__REFERENCE_TO_SPLIT_OBJECT": true,
      "referenceTo": "/layouts/battle"
    }
  ],
  "externalEvents": [],
  "eventsFunctionsExtensions": [
    {
      "__REFERENCE_TO_SPLIT_OBJECT": true,
      "referenceTo": "/eventsFunctionsExtensions/sticker"
    },
    {
      "__REFERENCE_TO_SPLIT_OBJECT": true,
      "referenceTo": "/eventsFunctionsExtensions/topdownmovementanimator"
    },
    {
      "__REFERENCE_TO_SPLIT_OBJECT": true,
      "referenceTo": "/eventsFunctionsExtensions/dialogbox"
    },
    {
      "__REFERENCE_TO_SPLIT_OBJECT": true,
      "referenceTo": "/eventsFunctionsExtensions/spritemultitouchjoystick"
    },
    {
      "__REFERENCE_TO_SPLIT_OBJECT": true,
      "referenceTo": "/eventsFunctionsExtensions/panelspritecontinuousbar"
    },
    {
      "__REFERENCE_TO_SPLIT_OBJECT": true,
      "referenceTo": "/eventsFunctionsExtensions/flash"
    },
    {
      "__REFERENCE_TO_SPLIT_OBJECT": true,
      "referenceTo": "/eventsFunctionsExtensions/health"
    },
    {
      "__REFERENCE_TO_SPLIT_OBJECT": true,
      "referenceTo": "/eventsFunctionsExtensions/flashtransitionpainter"
    },
    {
      "__REFERENCE_TO_SPLIT_OBJECT": true,
      "referenceTo": "/eventsFunctionsExtensions/panelspritebutton"
    },
    {
      "__REFERENCE_TO_SPLIT_OBJECT": true,
      "referenceTo": "/eventsFunctionsExtensions/shakeobject"
    },
    {
      "__REFERENCE_TO_SPLIT_OBJECT": true,
      "referenceTo": "/eventsFunctionsExtensions/smoothcamera"
    },
    {
      "__REFERENCE_TO_SPLIT_OBJECT": true,
      "referenceTo": "/eventsFunctionsExtensions/autotyping"
    }
  ],
  "externalLayouts": [],
  "externalSourceFiles": []
}