{
  "b": 146,
  "disableInputWhenNotFocused": true,
  "mangledName": "Battle",
  "name": "Battle",
  "r": 156,
  "standardSortMethod": true,
  "stopSoundsOnStartup": true,
  "title": "",
  "v": 146,
  "uiSettings": {
    "grid": false,
    "gridType": "rectangular",
    "gridWidth": 32,
    "gridHeight": 32,
    "gridOffsetX": 0,
    "gridOffsetY": 0,
    "gridColor": 10401023,
    "gridAlpha": 0.2,
    "snap": false,
    "zoomFactor": 0.7294011173167864,
    "windowMask": false
  },
  "objectsGroups": [
    {
      "name": "Button",
      "objects": [
        {
          "name": "Attack1"
        },
        {
          "name": "Attack2"
        },
        {
          "name": "Run"
        }
      ]
    }
  ],
  "variables": [
    {
      "folded": true,
      "name": "State",
      "type": "string",
      "value": "WaitPlayerChoice"
    }
  ],
  "instances": [
    {
      "angle": 0,
      "customSize": false,
      "height": 0,
      "layer": "UI",
      "name": "Transition",
      "persistentUuid": "767cf046-bd7e-46a6-a0de-9e463bf21835",
      "width": 0,
      "x": 1371,
      "y": 318,
      "zOrder": 1,
      "numberProperties": [],
      "stringProperties": [],
      "initialVariables": []
    },
    {
      "angle": 0,
      "customSize": true,
      "depth": 0,
      "height": 208,
      "layer": "",
      "name": "Enemy",
      "persistentUuid": "c09519df-6e7e-41f3-8c2e-05be52194d06",
      "width": 256,
      "x": 826,
      "y": 91,
      "zOrder": 2,
      "numberProperties": [],
      "stringProperties": [],
      "initialVariables": []
    },
    {
      "angle": 0,
      "customSize": true,
      "depth": 0,
      "height": 392,
      "layer": "",
      "name": "Player",
      "persistentUuid": "9176821a-39ac-48bf-a647-1af51f1cf6b8",
      "width": 440,
      "x": 135,
      "y": 168,
      "zOrder": 3,
      "numberProperties": [],
      "stringProperties": [],
      "initialVariables": []
    },
    {
      "angle": 0,
      "customSize": true,
      "depth": 32,
      "height": 44,
      "layer": "Dialogue",
      "name": "Attack1",
      "persistentUuid": "7dc38f8a-b2d4-4716-96cc-cfda55183779",
      "width": 171,
      "x": 74,
      "y": 492,
      "zOrder": 7,
      "numberProperties": [],
      "stringProperties": [],
      "initialVariables": []
    },
    {
      "angle": 0,
      "customSize": true,
      "depth": 32,
      "height": 44,
      "layer": "Dialogue",
      "name": "Attack2",
      "persistentUuid": "be19237c-cdfd-46d6-9f03-ac226e9a3f61",
      "width": 171,
      "x": 74,
      "y": 557,
      "zOrder": 8,
      "numberProperties": [],
      "stringProperties": [],
      "initialVariables": []
    },
    {
      "angle": 0,
      "customSize": true,
      "depth": 32,
      "height": 44,
      "layer": "Dialogue",
      "name": "Run",
      "persistentUuid": "d0d0038e-afed-4b66-afad-9eb83d409837",
      "width": 171,
      "x": 74,
      "y": 621,
      "zOrder": 9,
      "numberProperties": [],
      "stringProperties": [],
      "initialVariables": []
    },
    {
      "angle": 0,
      "customSize": true,
      "depth": 1,
      "height": 141,
      "layer": "Dialogue",
      "name": "Dialogue",
      "persistentUuid": "1d6dd4c3-a14e-4637-b8ba-6dad23785fdd",
      "width": 948,
      "x": 278,
      "y": 504,
      "zOrder": 10,
      "numberProperties": [],
      "stringProperties": [],
      "initialVariables": []
    },
    {
      "angle": 0,
      "customSize": true,
      "height": 128,
      "layer": "Background",
      "name": "Grass",
      "persistentUuid": "51b4918b-fb97-491c-8070-567de75dafb1",
      "width": 256,
      "x": 1348,
      "y": 518,
      "zOrder": -100,
      "numberProperties": [],
      "stringProperties": [],
      "initialVariables": []
    },
    {
      "angle": 0,
      "customSize": true,
      "depth": 0,
      "height": 192,
      "layer": "Background",
      "name": "Background",
      "persistentUuid": "a759a552-ce69-4fb4-bf22-05ee11499324",
      "width": 256,
      "x": 1355,
      "y": 368,
      "zOrder": 11,
      "numberProperties": [],
      "stringProperties": [],
      "initialVariables": []
    },
    {
      "angle": 0,
      "customSize": true,
      "depth": 32,
      "height": 45,
      "layer": "",
      "name": "PlayerHealthBar",
      "persistentUuid": "9cde94de-ddbf-4877-ae03-1b215c5b5386",
      "width": 300,
      "x": 207,
      "y": 88,
      "zOrder": 12,
      "numberProperties": [],
      "stringProperties": [],
      "initialVariables": []
    },
    {
      "angle": 0,
      "customSize": true,
      "depth": 32,
      "height": 45,
      "layer": "",
      "name": "EnemyHealthBar",
      "persistentUuid": "53390a75-ebc1-4e35-88a2-0b8e656e3487",
      "width": 300,
      "x": 802,
      "y": 335,
      "zOrder": 13,
      "numberProperties": [],
      "stringProperties": [],
      "initialVariables": []
    }
  ],
  "objects": [
    {
      "adaptCollisionMaskAutomatically": false,
      "assetStoreId": "",
      "name": "Enemy",
      "type": "Sprite",
      "updateIfNotVisible": false,
      "variables": [],
      "effects": [],
      "behaviors": [
        {
          "name": "Flash",
          "type": "Flash::Flash",
          "HalfPeriodTime": 0.1,
          "IsFlashing": false,
          "FlashDuration": 0
        },
        {
          "name": "Health",
          "type": "Health::Health",
          "Health": 100,
          "CurrentHealth": 0,
          "MaxHealth": 100,
          "DamageCooldown": 0,
          "IsHealthJustDamaged": false,
          "HealthRegenRate": 0,
          "HealthRegenDelay": 0,
          "AllowOverHealing": false,
          "HitAtLeastOnce": false,
          "IsJustHealed": false,
          "CurrentShieldPoints": 0,
          "MaxShieldPoints": 0,
          "ShieldDuration": 5,
          "ShieldRegenRate": 0,
          "BlockExcessDamage": false,
          "ShieldRegenDelay": 0,
          "IsShieldJustDamaged": false,
          "ChanceToDodge": 0,
          "DamageToBeApplied": 0,
          "FlatDamageReduction": 0,
          "PercentDamageReduction": 0,
          "IsJustDodged": false,
          "ShieldDamageTaken": 0,
          "HealToBeApplied": 0
        },
        {
          "name": "ShakeObject_PositionAngle",
          "type": "ShakeObject::ShakeObject_PositionAngle"
        },
        {
          "name": "ShakeObject_PositionAngleScale",
          "type": "ShakeObject::ShakeObject_PositionAngleScale",
          "Scale": "Scale"
        },
        {
          "name": "Tween",
          "type": "Tween::TweenBehavior"
        }
      ],
      "animations": [
        {
          "name": "Creature_Enemy",
          "useMultipleDirections": false,
          "directions": [
            {
              "looping": false,
              "metadata": "{\"pskl\":{}}",
              "timeBetweenFrames": 0.08,
              "sprites": [
                {
                  "hasCustomCollisionMask": false,
                  "image": "assets\\Creature_Enemy.png",
                  "points": [],
                  "originPoint": {
                    "name": "origine",
                    "x": 0,
                    "y": 0
                  },
                  "centerPoint": {
                    "automatic": true,
                    "name": "centre",
                    "x": 0,
                    "y": 0
                  },
                  "customCollisionMask": []
                }
              ]
            }
          ]
        }
      ]
    },
    {
      "adaptCollisionMaskAutomatically": false,
      "assetStoreId": "",
      "name": "Player",
      "type": "Sprite",
      "updateIfNotVisible": false,
      "variables": [],
      "effects": [],
      "behaviors": [
        {
          "name": "Flash",
          "type": "Flash::Flash",
          "HalfPeriodTime": 0.1,
          "IsFlashing": false,
          "FlashDuration": 0
        },
        {
          "name": "Health",
          "type": "Health::Health",
          "Health": 100,
          "CurrentHealth": 0,
          "MaxHealth": 100,
          "DamageCooldown": 0,
          "IsHealthJustDamaged": false,
          "HealthRegenRate": 0,
          "HealthRegenDelay": 0,
          "AllowOverHealing": false,
          "HitAtLeastOnce": false,
          "IsJustHealed": false,
          "CurrentShieldPoints": 0,
          "MaxShieldPoints": 0,
          "ShieldDuration": 5,
          "ShieldRegenRate": 0,
          "BlockExcessDamage": false,
          "ShieldRegenDelay": 0,
          "IsShieldJustDamaged": false,
          "ChanceToDodge": 0,
          "DamageToBeApplied": 0,
          "FlatDamageReduction": 0,
          "PercentDamageReduction": 0,
          "IsJustDodged": false,
          "ShieldDamageTaken": 0,
          "HealToBeApplied": 0
        },
        {
          "name": "ShakeObject_PositionAngle",
          "type": "ShakeObject::ShakeObject_PositionAngle"
        },
        {
          "name": "ShakeObject_PositionAngleScale",
          "type": "ShakeObject::ShakeObject_PositionAngleScale",
          "Scale": "Scale"
        },
        {
          "name": "Tween",
          "type": "Tween::TweenBehavior"
        }
      ],
      "animations": [
        {
          "name": "Creature_Player",
          "useMultipleDirections": false,
          "directions": [
            {
              "looping": false,
              "metadata": "{\"pskl\":{}}",
              "timeBetweenFrames": 0.08,
              "sprites": [
                {
                  "hasCustomCollisionMask": false,
                  "image": "assets\\Creature_Player.png",
                  "points": [],
                  "originPoint": {
                    "name": "origine",
                    "x": 0,
                    "y": 0
                  },
                  "centerPoint": {
                    "automatic": true,
                    "name": "centre",
                    "x": 0,
                    "y": 0
                  },
                  "customCollisionMask": []
                }
              ]
            }
          ]
        }
      ]
    },
    {
      "assetStoreId": "3d6c54e76a9a06cbd7629c1e78388d4ab808bbf36d644c61d6a14c9ad34d4f89",
      "name": "PlayerHealthBar",
      "type": "PanelSpriteContinuousBar::PanelSpriteContinuousBar",
      "variables": [],
      "effects": [],
      "behaviors": [],
      "content": {
        "PreviousHighValueDuration": 0,
        "ShowLabel": true,
        "BarTopPadding": 4,
        "BarBottomPadding": 6,
        "BarLeftPadding": 4,
        "BarRightPadding": 4,
        "MaxValue": 100,
        "InitialValue": 100
      },
      "childrenContent": {
        "Background": {
          "bottomMargin": 6,
          "height": 34,
          "leftMargin": 4,
          "rightMargin": 4,
          "texture": "Flat Bar White Border.png",
          "tiled": true,
          "topMargin": 6,
          "width": 224
        },
        "Buffer": {
          "bottomMargin": 0,
          "height": 24,
          "leftMargin": 0,
          "rightMargin": 0,
          "texture": "Flat Bar Red Fill Bar.png",
          "tiled": true,
          "topMargin": 0,
          "width": 24
        },
        "FillBar": {
          "bottomMargin": 0,
          "height": 24,
          "leftMargin": 0,
          "rightMargin": 0,
          "texture": "Flat Bar Red Fill Bar.png",
          "tiled": true,
          "topMargin": 0,
          "width": 24
        },
        "Label": {
          "bold": false,
          "italic": false,
          "smoothed": true,
          "underlined": false,
          "string": "100 / 100",
          "font": "",
          "textAlignment": "center",
          "characterSize": 24,
          "color": {
            "b": 255,
            "g": 255,
            "r": 255
          },
          "content": {
            "bold": false,
            "isOutlineEnabled": false,
            "isShadowEnabled": false,
            "italic": false,
            "outlineColor": "255;255;255",
            "outlineThickness": 2,
            "shadowAngle": 90,
            "shadowBlurRadius": 2,
            "shadowColor": "0;0;0",
            "shadowDistance": 4,
            "shadowOpacity": 127,
            "smoothed": true,
            "underlined": false,
            "text": "100 / 100",
            "font": "",
            "textAlignment": "center",
            "verticalTextAlignment": "top",
            "characterSize": 24,
            "color": "255;255;255"
          }
        }
      }
    },
    {
      "assetStoreId": "3d6c54e76a9a06cbd7629c1e78388d4ab808bbf36d644c61d6a14c9ad34d4f89",
      "name": "EnemyHealthBar",
      "type": "PanelSpriteContinuousBar::PanelSpriteContinuousBar",
      "variables": [],
      "effects": [],
      "behaviors": [],
      "content": {
        "PreviousHighValueDuration": 0,
        "ShowLabel": true,
        "BarTopPadding": 4,
        "BarBottomPadding": 6,
        "BarLeftPadding": 4,
        "BarRightPadding": 4,
        "MaxValue": 100,
        "InitialValue": 100
      },
      "childrenContent": {
        "Background": {
          "bottomMargin": 6,
          "height": 34,
          "leftMargin": 4,
          "rightMargin": 4,
          "texture": "Flat Bar White Border.png",
          "tiled": true,
          "topMargin": 6,
          "width": 224
        },
        "Buffer": {
          "bottomMargin": 0,
          "height": 24,
          "leftMargin": 0,
          "rightMargin": 0,
          "texture": "Flat Bar Red Fill Bar.png",
          "tiled": true,
          "topMargin": 0,
          "width": 24
        },
        "FillBar": {
          "bottomMargin": 0,
          "height": 24,
          "leftMargin": 0,
          "rightMargin": 0,
          "texture": "Flat Bar Red Fill Bar.png",
          "tiled": true,
          "topMargin": 0,
          "width": 24
        },
        "Label": {
          "bold": false,
          "italic": false,
          "smoothed": true,
          "underlined": false,
          "string": "100 / 100",
          "font": "",
          "textAlignment": "center",
          "characterSize": 24,
          "color": {
            "b": 255,
            "g": 255,
            "r": 255
          },
          "content": {
            "bold": false,
            "isOutlineEnabled": false,
            "isShadowEnabled": false,
            "italic": false,
            "outlineColor": "255;255;255",
            "outlineThickness": 2,
            "shadowAngle": 90,
            "shadowBlurRadius": 2,
            "shadowColor": "0;0;0",
            "shadowDistance": 4,
            "shadowOpacity": 127,
            "smoothed": true,
            "underlined": false,
            "text": "100 / 100",
            "font": "",
            "textAlignment": "center",
            "verticalTextAlignment": "top",
            "characterSize": 24,
            "color": "255;255;255"
          }
        }
      }
    },
    {
      "assetStoreId": "",
      "name": "Dialogue",
      "type": "BitmapText::BitmapTextObject",
      "variables": [],
      "effects": [],
      "behaviors": [
        {
          "name": "AutoTyping",
          "type": "AutoTyping::AutoTyping",
          "Text": "Text",
          "Interval": 0.05,
          "CharacterJustAdded": false,
          "FullText": "",
          "TypedText": ""
        }
      ],
      "content": {
        "text": "The battle begins.",
        "opacity": 255,
        "scale": 3,
        "fontSize": 20,
        "tint": "255;255;255",
        "bitmapFontResourceName": "8BitOperatorPlus8Regular_Edited.fnt",
        "textureAtlasResourceName": "8BitOperatorPlus8Regular_Edited.png",
        "align": "left",
        "wordWrap": true
      }
    },
    {
      "assetStoreId": "",
      "height": 32,
      "name": "Grass",
      "texture": "Grass1.png",
      "type": "TiledSpriteObject::TiledSprite",
      "width": 32,
      "variables": [],
      "effects": [],
      "behaviors": []
    },
    {
      "assetStoreId": "90d94b6e3a23c34948e59eaaef4679740f8ab588696d59b21e0c0c2ef106b94d",
      "name": "Attack1",
      "type": "PanelSpriteButton::PanelSpriteButton",
      "variables": [],
      "effects": [],
      "behaviors": [],
      "content": {
        "LeftPadding": 8,
        "RightPadding": 8,
        "PressedLabelOffsetY": 0,
        "IdleLabelOffsetY": -8,
        "BottomPadding": 8,
        "TopPadding": 8,
        "MinimalWidth": 300
      },
      "childrenContent": {
        "Hovered": {
          "bottomMargin": 8,
          "height": 106,
          "leftMargin": 8,
          "rightMargin": 8,
          "texture": "Border2.png",
          "tiled": true,
          "topMargin": 8,
          "width": 256
        },
        "Idle": {
          "bottomMargin": 8,
          "height": 106,
          "leftMargin": 8,
          "rightMargin": 8,
          "texture": "Border.png",
          "tiled": true,
          "topMargin": 8,
          "width": 256
        },
        "Label": {
          "bold": false,
          "italic": false,
          "smoothed": true,
          "underlined": false,
          "string": "Attack",
          "font": "",
          "textAlignment": "left",
          "characterSize": 26,
          "color": {
            "b": 255,
            "g": 255,
            "r": 255
          },
          "content": {
            "bold": false,
            "isOutlineEnabled": false,
            "isShadowEnabled": false,
            "italic": false,
            "outlineColor": "255;255;255",
            "outlineThickness": 2,
            "shadowAngle": 90,
            "shadowBlurRadius": 2,
            "shadowColor": "0;0;0",
            "shadowDistance": 4,
            "shadowOpacity": 127,
            "smoothed": true,
            "underlined": false,
            "text": "Attack",
            "font": "",
            "textAlignment": "left",
            "verticalTextAlignment": "top",
            "characterSize": 26,
            "color": "255;255;255"
          }
        },
        "Pressed": {
          "bottomMargin": 8,
          "height": 106,
          "leftMargin": 8,
          "rightMargin": 8,
          "texture": "Border2.png",
          "tiled": true,
          "topMargin": 8,
          "width": 256
        }
      }
    },
    {
      "assetStoreId": "90d94b6e3a23c34948e59eaaef4679740f8ab588696d59b21e0c0c2ef106b94d",
      "name": "Attack2",
      "type": "PanelSpriteButton::PanelSpriteButton",
      "variables": [],
      "effects": [],
      "behaviors": [],
      "content": {
        "LeftPadding": 8,
        "RightPadding": 8,
        "PressedLabelOffsetY": 0,
        "IdleLabelOffsetY": -8,
        "BottomPadding": 8,
        "TopPadding": 8,
        "MinimalWidth": 300
      },
      "childrenContent": {
        "Hovered": {
          "bottomMargin": 8,
          "height": 106,
          "leftMargin": 8,
          "rightMargin": 8,
          "texture": "Border2.png",
          "tiled": true,
          "topMargin": 8,
          "width": 256
        },
        "Idle": {
          "bottomMargin": 8,
          "height": 106,
          "leftMargin": 8,
          "rightMargin": 8,
          "texture": "Border.png",
          "tiled": true,
          "topMargin": 8,
          "width": 256
        },
        "Label": {
          "bold": false,
          "italic": false,
          "smoothed": true,
          "underlined": false,
          "string": "Skill",
          "font": "",
          "textAlignment": "left",
          "characterSize": 26,
          "color": {
            "b": 255,
            "g": 255,
            "r": 255
          },
          "content": {
            "bold": false,
            "isOutlineEnabled": false,
            "isShadowEnabled": false,
            "italic": false,
            "outlineColor": "255;255;255",
            "outlineThickness": 2,
            "shadowAngle": 90,
            "shadowBlurRadius": 2,
            "shadowColor": "0;0;0",
            "shadowDistance": 4,
            "shadowOpacity": 127,
            "smoothed": true,
            "underlined": false,
            "text": "Skill",
            "font": "",
            "textAlignment": "left",
            "verticalTextAlignment": "top",
            "characterSize": 26,
            "color": "255;255;255"
          }
        },
        "Pressed": {
          "bottomMargin": 8,
          "height": 106,
          "leftMargin": 8,
          "rightMargin": 8,
          "texture": "Border2.png",
          "tiled": true,
          "topMargin": 8,
          "width": 256
        }
      }
    },
    {
      "assetStoreId": "90d94b6e3a23c34948e59eaaef4679740f8ab588696d59b21e0c0c2ef106b94d",
      "name": "Run",
      "type": "PanelSpriteButton::PanelSpriteButton",
      "variables": [],
      "effects": [],
      "behaviors": [],
      "content": {
        "LeftPadding": 8,
        "RightPadding": 8,
        "PressedLabelOffsetY": 0,
        "IdleLabelOffsetY": -8,
        "BottomPadding": 8,
        "TopPadding": 8,
        "MinimalWidth": 300
      },
      "childrenContent": {
        "Hovered": {
          "bottomMargin": 8,
          "height": 106,
          "leftMargin": 8,
          "rightMargin": 8,
          "texture": "Border2.png",
          "tiled": true,
          "topMargin": 8,
          "width": 256
        },
        "Idle": {
          "bottomMargin": 8,
          "height": 106,
          "leftMargin": 8,
          "rightMargin": 8,
          "texture": "Border.png",
          "tiled": true,
          "topMargin": 8,
          "width": 256
        },
        "Label": {
          "bold": false,
          "italic": false,
          "smoothed": true,
          "underlined": false,
          "string": "Run",
          "font": "",
          "textAlignment": "left",
          "characterSize": 26,
          "color": {
            "b": 255,
            "g": 255,
            "r": 255
          },
          "content": {
            "bold": false,
            "isOutlineEnabled": false,
            "isShadowEnabled": false,
            "italic": false,
            "outlineColor": "255;255;255",
            "outlineThickness": 2,
            "shadowAngle": 90,
            "shadowBlurRadius": 2,
            "shadowColor": "0;0;0",
            "shadowDistance": 4,
            "shadowOpacity": 127,
            "smoothed": true,
            "underlined": false,
            "text": "Run",
            "font": "",
            "textAlignment": "left",
            "verticalTextAlignment": "top",
            "characterSize": 26,
            "color": "255;255;255"
          }
        },
        "Pressed": {
          "bottomMargin": 8,
          "height": 106,
          "leftMargin": 8,
          "rightMargin": 8,
          "texture": "Border2.png",
          "tiled": true,
          "topMargin": 8,
          "width": 256
        }
      }
    },
    {
      "adaptCollisionMaskAutomatically": false,
      "assetStoreId": "",
      "name": "Background",
      "type": "Sprite",
      "updateIfNotVisible": false,
      "variables": [],
      "effects": [
        {
          "effectType": "KawaseBlur",
          "name": "Effect",
          "doubleParameters": {
            "blur": 10,
            "padding": 0,
            "pixelizeX": 1,
            "pixelizeY": 1,
            "quality": 3
          },
          "stringParameters": {},
          "booleanParameters": {}
        }
      ],
      "behaviors": [],
      "animations": [
        {
          "name": "",
          "useMultipleDirections": false,
          "directions": [
            {
              "looping": false,
              "timeBetweenFrames": 0.08,
              "sprites": [
                {
                  "hasCustomCollisionMask": false,
                  "image": "House1.png",
                  "points": [],
                  "originPoint": {
                    "name": "origine",
                    "x": 0,
                    "y": 0
                  },
                  "centerPoint": {
                    "automatic": true,
                    "name": "centre",
                    "x": 0,
                    "y": 0
                  },
                  "customCollisionMask": []
                }
              ]
            }
          ]
        }
      ]
    }
  ],
  "objectsFolderStructure": {
    "folderName": "__ROOT",
    "children": [
      {
        "folderName": "Background",
        "children": [
          {
            "objectName": "Background"
          },
          {
            "objectName": "Grass"
          }
        ]
      },
      {
        "folderName": "UI",
        "children": [
          {
            "objectName": "PlayerHealthBar"
          },
          {
            "objectName": "EnemyHealthBar"
          },
          {
            "objectName": "Dialogue"
          },
          {
            "objectName": "Attack1"
          },
          {
            "objectName": "Attack2"
          },
          {
            "objectName": "Run"
          }
        ]
      },
      {
        "objectName": "Enemy"
      },
      {
        "objectName": "Player"
      }
    ]
  },
  "events": [
    {
      "type": "BuiltinCommonInstructions::Standard",
      "conditions": [
        {
          "type": {
            "value": "DepartScene"
          },
          "parameters": [
            ""
          ]
        }
      ],
      "actions": [
        {
          "type": {
            "value": "FlashTransitionPainter::FlashTransitionPainter::PaintEffect"
          },
          "parameters": [
            "Transition",
            "FlashTransitionPainter",
            "\"0;0;0\"",
            "0.5",
            "\"Circular\"",
            "\"Backward\"",
            "255",
            ""
          ]
        },
        {
          "type": {
            "value": "ShakeObject::ShakeObject_PositionAngle::ShakeObject_PositionAngle"
          },
          "parameters": [
            "Player",
            "ShakeObject_PositionAngle",
            "0.5",
            "7",
            "7",
            "0",
            "2",
            "yes",
            "yes"
          ]
        },
        {
          "type": {
            "value": "ShakeObject::ShakeObject_PositionAngle::ShakeObject_PositionAngle"
          },
          "parameters": [
            "Enemy",
            "ShakeObject_PositionAngle",
            "0.5",
            "-5",
            "-5",
            "0",
            "2",
            "yes",
            "yes"
          ]
        },
        {
          "type": {
            "value": "ZoomCamera"
          },
          "parameters": [
            "",
            "6.5",
            "\"Background\"",
            ""
          ]
        },
        {
          "type": {
            "value": "Wait"
          },
          "parameters": [
            "0.1"
          ]
        },
        {
          "type": {
            "value": "CentreCamera"
          },
          "parameters": [
            "",
            "Grass",
            "",
            "\"Background\"",
            ""
          ]
        }
      ]
    },
    {
      "colorB": 228,
      "colorG": 176,
      "colorR": 74,
      "creationTime": 0,
      "name": "Health display",
      "source": "",
      "type": "BuiltinCommonInstructions::Group",
      "events": [
        {
          "type": "BuiltinCommonInstructions::Standard",
          "conditions": [],
          "actions": [
            {
              "type": {
                "value": "PanelSpriteContinuousBar::PanelSpriteContinuousBar::SetValue"
              },
              "parameters": [
                "PlayerHealthBar",
                "=",
                "Player.Health::Health()",
                ""
              ]
            },
            {
              "type": {
                "value": "PanelSpriteContinuousBar::PanelSpriteContinuousBar::SetValue"
              },
              "parameters": [
                "EnemyHealthBar",
                "=",
                "Enemy.Health::Health()",
                ""
              ]
            }
          ]
        }
      ],
      "parameters": []
    },
    {
      "colorB": 228,
      "colorG": 176,
      "colorR": 74,
      "creationTime": 0,
      "name": "Your turn",
      "source": "",
      "type": "BuiltinCommonInstructions::Group",
      "events": [
        {
          "type": "BuiltinCommonInstructions::Standard",
          "conditions": [
            {
              "type": {
                "value": "PanelSpriteButton::PanelSpriteButton::IsHovered"
              },
              "parameters": [
                "Button",
                ""
              ]
            },
            {
              "type": {
                "value": "BuiltinCommonInstructions::Once"
              },
              "parameters": []
            }
          ],
          "actions": [
            {
              "type": {
                "value": "PlaySound"
              },
              "parameters": [
                "",
                "HoverSound.wav",
                "",
                "20",
                "RandomFloatInRange(0.8,0.9)"
              ]
            }
          ]
        },
        {
          "type": "BuiltinCommonInstructions::Standard",
          "conditions": [
            {
              "type": {
                "value": "StringVariable"
              },
              "parameters": [
                "State",
                "=",
                "\"WaitPlayerChoice\""
              ]
            }
          ],
          "actions": [],
          "events": [
            {
              "type": "BuiltinCommonInstructions::Standard",
              "conditions": [
                {
                  "type": {
                    "value": "PanelSpriteButton::PanelSpriteButton::IsClicked"
                  },
                  "parameters": [
                    "Attack1",
                    ""
                  ]
                }
              ],
              "actions": [
                {
                  "type": {
                    "value": "SetStringVariable"
                  },
                  "parameters": [
                    "State",
                    "=",
                    "\"PlayPlayerAttack\""
                  ]
                }
              ]
            }
          ]
        },
        {
          "type": "BuiltinCommonInstructions::Standard",
          "conditions": [
            {
              "type": {
                "value": "StringVariable"
              },
              "parameters": [
                "State",
                "=",
                "\"PlayPlayerAttack\""
              ]
            }
          ],
          "actions": [],
          "events": [
            {
              "type": "BuiltinCommonInstructions::Standard",
              "conditions": [
                {
                  "type": {
                    "value": "BuiltinCommonInstructions::Once"
                  },
                  "parameters": []
                }
              ],
              "actions": [
                {
                  "type": {
                    "value": "Tween::TweenBehavior::AddObjectPositionTween2"
                  },
                  "parameters": [
                    "Player",
                    "Tween",
                    "\"BackUp\"",
                    "Player.X() - 67",
                    "Player.Y()",
                    "\"easeOutQuad\"",
                    "0.5",
                    ""
                  ]
                },
                {
                  "type": {
                    "value": "Wait"
                  },
                  "parameters": [
                    "0.5"
                  ]
                },
                {
                  "type": {
                    "value": "Tween::TweenBehavior::AddObjectPositionTween2"
                  },
                  "parameters": [
                    "Player",
                    "Tween",
                    "\"BackUp\"",
                    "Player.X() + 67",
                    "Player.Y()",
                    "\"easeInQuad\"",
                    "0.1",
                    ""
                  ]
                },
                {
                  "type": {
                    "value": "Wait"
                  },
                  "parameters": [
                    "0.1"
                  ]
                },
                {
                  "type": {
                    "value": "PlaySound"
                  },
                  "parameters": [
                    "",
                    "Attack.wav",
                    "",
                    "90",
                    "RandomFloatInRange(0.9,1)"
                  ]
                },
                {
                  "type": {
                    "value": "ShakeObject::ShakeObject_PositionAngle::StopShaking"
                  },
                  "parameters": [
                    "Enemy",
                    "ShakeObject_PositionAngle",
                    ""
                  ]
                },
                {
                  "type": {
                    "value": "ShakeObject::ShakeObject_PositionAngleScale::ShakeObject_PositionAngleScale"
                  },
                  "parameters": [
                    "Enemy",
                    "ShakeObject_PositionAngleScale",
                    "0.6",
                    "7",
                    "7",
                    "5",
                    "10",
                    "0.2",
                    "",
                    ""
                  ]
                },
                {
                  "type": {
                    "value": "Flash::Flash::Flash"
                  },
                  "parameters": [
                    "Enemy",
                    "Flash",
                    "0.3",
                    ""
                  ]
                },
                {
                  "type": {
                    "value": "Health::Health::Hit"
                  },
                  "parameters": [
                    "Enemy",
                    "Health",
                    "10",
                    "",
                    "",
                    ""
                  ]
                },
                {
                  "type": {
                    "value": "TextContainerCapability::TextContainerBehavior::SetValue"
                  },
                  "parameters": [
                    "Dialogue",
                    "Text",
                    "=",
                    "\"You attacked your enemy.\""
                  ]
                },
                {
                  "type": {
                    "value": "Wait"
                  },
                  "parameters": [
                    "1"
                  ]
                },
                {
                  "type": {
                    "value": "ShakeObject::ShakeObject_PositionAngle::ShakeObject_PositionAngle"
                  },
                  "parameters": [
                    "Enemy",
                    "ShakeObject_PositionAngle",
                    "0.5",
                    "-2.5",
                    "-2.5",
                    "0",
                    "2",
                    "yes",
                    "yes"
                  ]
                },
                {
                  "type": {
                    "value": "SetStringVariable"
                  },
                  "parameters": [
                    "State",
                    "=",
                    "\"WaitEnemyChoice\""
                  ]
                }
              ]
            }
          ]
        }
      ],
      "parameters": []
    },
    {
      "colorB": 228,
      "colorG": 176,
      "colorR": 74,
      "creationTime": 0,
      "name": "Their turn",
      "source": "",
      "type": "BuiltinCommonInstructions::Group",
      "events": [
        {
          "type": "BuiltinCommonInstructions::Standard",
          "conditions": [
            {
              "type": {
                "value": "StringVariable"
              },
              "parameters": [
                "State",
                "=",
                "\"WaitEnemyChoice\""
              ]
            }
          ],
          "actions": [],
          "events": [
            {
              "type": "BuiltinCommonInstructions::Standard",
              "conditions": [
                {
                  "type": {
                    "value": "BuiltinCommonInstructions::Once"
                  },
                  "parameters": []
                }
              ],
              "actions": [
                {
                  "type": {
                    "value": "Wait"
                  },
                  "parameters": [
                    "0.5"
                  ]
                },
                {
                  "type": {
                    "value": "SetStringVariable"
                  },
                  "parameters": [
                    "State",
                    "=",
                    "\"PlayEnemyAttack\""
                  ]
                }
              ]
            }
          ]
        },
        {
          "type": "BuiltinCommonInstructions::Standard",
          "conditions": [
            {
              "type": {
                "value": "StringVariable"
              },
              "parameters": [
                "State",
                "=",
                "\"PlayEnemyAttack\""
              ]
            }
          ],
          "actions": [],
          "events": [
            {
              "type": "BuiltinCommonInstructions::Standard",
              "conditions": [
                {
                  "type": {
                    "value": "BuiltinCommonInstructions::Once"
                  },
                  "parameters": []
                }
              ],
              "actions": [
                {
                  "type": {
                    "value": "Tween::TweenBehavior::AddObjectPositionTween2"
                  },
                  "parameters": [
                    "Enemy",
                    "Tween",
                    "\"BackUp\"",
                    "Enemy.X() + 67",
                    "Enemy.Y()",
                    "\"easeOutQuad\"",
                    "0.5",
                    ""
                  ]
                },
                {
                  "type": {
                    "value": "Wait"
                  },
                  "parameters": [
                    "0.5"
                  ]
                },
                {
                  "type": {
                    "value": "Tween::TweenBehavior::AddObjectPositionTween2"
                  },
                  "parameters": [
                    "Enemy",
                    "Tween",
                    "\"BackUp\"",
                    "Enemy.X() - 67",
                    "Enemy.Y()",
                    "\"easeInQuad\"",
                    "0.1",
                    ""
                  ]
                },
                {
                  "type": {
                    "value": "Wait"
                  },
                  "parameters": [
                    "0.1"
                  ]
                },
                {
                  "type": {
                    "value": "PlaySound"
                  },
                  "parameters": [
                    "",
                    "Attack.wav",
                    "",
                    "90",
                    "RandomFloatInRange(0.9,1)"
                  ]
                },
                {
                  "type": {
                    "value": "ShakeObject::ShakeObject_PositionAngleScale::ShakeObject_PositionAngleScale"
                  },
                  "parameters": [
                    "Player",
                    "ShakeObject_PositionAngleScale",
                    "0.6",
                    "7",
                    "7",
                    "5",
                    "10",
                    "0.2",
                    "",
                    ""
                  ]
                },
                {
                  "type": {
                    "value": "Flash::Flash::Flash"
                  },
                  "parameters": [
                    "Player",
                    "Flash",
                    "0.3",
                    ""
                  ]
                },
                {
                  "type": {
                    "value": "Health::Health::Hit"
                  },
                  "parameters": [
                    "Player",
                    "Health",
                    "10",
                    "",
                    "",
                    ""
                  ]
                },
                {
                  "type": {
                    "value": "TextContainerCapability::TextContainerBehavior::SetValue"
                  },
                  "parameters": [
                    "Dialogue",
                    "Text",
                    "=",
                    "\"Your enemy attacked you.\""
                  ]
                },
                {
                  "type": {
                    "value": "Wait"
                  },
                  "parameters": [
                    "1"
                  ]
                },
                {
                  "type": {
                    "value": "ShakeObject::ShakeObject_PositionAngle::ShakeObject_PositionAngle"
                  },
                  "parameters": [
                    "Player",
                    "ShakeObject_PositionAngle",
                    "0.5",
                    "3.5",
                    "3.5",
                    "0",
                    "2",
                    "yes",
                    "yes"
                  ]
                },
                {
                  "type": {
                    "value": "SetStringVariable"
                  },
                  "parameters": [
                    "State",
                    "=",
                    "\"WaitPlayerChoice\""
                  ]
                }
              ]
            }
          ]
        }
      ],
      "parameters": []
    },
    {
      "colorB": 228,
      "colorG": 176,
      "colorR": 74,
      "creationTime": 0,
      "name": "Battle End",
      "source": "",
      "type": "BuiltinCommonInstructions::Group",
      "events": [
        {
          "type": "BuiltinCommonInstructions::Standard",
          "conditions": [
            {
              "type": {
                "value": "BuiltinCommonInstructions::Or"
              },
              "parameters": [],
              "subInstructions": [
                {
                  "type": {
                    "value": "Health::Health::IsDead"
                  },
                  "parameters": [
                    "Enemy",
                    "Health",
                    ""
                  ]
                },
                {
                  "type": {
                    "value": "Health::Health::IsDead"
                  },
                  "parameters": [
                    "Player",
                    "Health",
                    ""
                  ]
                }
              ]
            }
          ],
          "actions": [
            {
              "type": {
                "value": "PopScene"
              },
              "parameters": [
                ""
              ]
            }
          ]
        }
      ],
      "parameters": []
    }
  ],
  "layers": [
    {
      "ambientLightColorB": 22078880,
      "ambientLightColorG": 6050880,
      "ambientLightColorR": 14081096,
      "camera3DFarPlaneDistance": 10000,
      "camera3DFieldOfView": 45,
      "camera3DNearPlaneDistance": 0.1,
      "cameraType": "perspective",
      "followBaseLayerCamera": false,
      "isLightingLayer": false,
      "isLocked": false,
      "name": "Background",
      "renderingType": "",
      "visibility": true,
      "cameras": [],
      "effects": []
    },
    {
      "ambientLightColorB": 0,
      "ambientLightColorG": 0,
      "ambientLightColorR": 0,
      "camera3DFarPlaneDistance": 10000,
      "camera3DFieldOfView": 45,
      "camera3DNearPlaneDistance": 0.1,
      "cameraType": "perspective",
      "followBaseLayerCamera": false,
      "isLightingLayer": false,
      "isLocked": false,
      "name": "",
      "renderingType": "",
      "visibility": true,
      "cameras": [
        {
          "defaultSize": true,
          "defaultViewport": true,
          "height": 0,
          "viewportBottom": 1,
          "viewportLeft": 0,
          "viewportRight": 1,
          "viewportTop": 0,
          "width": 0
        }
      ],
      "effects": []
    },
    {
      "ambientLightColorB": 11858072,
      "ambientLightColorG": 6050880,
      "ambientLightColorR": 21777048,
      "camera3DFarPlaneDistance": 10000,
      "camera3DFieldOfView": 45,
      "camera3DNearPlaneDistance": 0.1,
      "cameraType": "perspective",
      "followBaseLayerCamera": false,
      "isLightingLayer": false,
      "isLocked": false,
      "name": "Dialogue",
      "renderingType": "",
      "visibility": true,
      "cameras": [],
      "effects": []
    },
    {
      "ambientLightColorB": 21829640,
      "ambientLightColorG": 6050880,
      "ambientLightColorR": 22048576,
      "camera3DFarPlaneDistance": 10000,
      "camera3DFieldOfView": 45,
      "camera3DNearPlaneDistance": 0.1,
      "cameraType": "perspective",
      "followBaseLayerCamera": false,
      "isLightingLayer": false,
      "isLocked": false,
      "name": "UI",
      "renderingType": "",
      "visibility": true,
      "cameras": [],
      "effects": []
    }
  ],
  "behaviorsSharedData": [
    {
      "name": "Animation",
      "type": "AnimatableCapability::AnimatableBehavior"
    },
    {
      "name": "AutoTyping",
      "type": "AutoTyping::AutoTyping"
    },
    {
      "name": "Effect",
      "type": "EffectCapability::EffectBehavior"
    },
    {
      "name": "Flash",
      "type": "Flash::Flash"
    },
    {
      "name": "FlashTransitionPainter",
      "type": "FlashTransitionPainter::FlashTransitionPainter"
    },
    {
      "name": "Flippable",
      "type": "FlippableCapability::FlippableBehavior"
    },
    {
      "name": "Health",
      "type": "Health::Health"
    },
    {
      "name": "Opacity",
      "type": "OpacityCapability::OpacityBehavior"
    },
    {
      "name": "Resizable",
      "type": "ResizableCapability::ResizableBehavior"
    },
    {
      "name": "Scale",
      "type": "ScalableCapability::ScalableBehavior"
    },
    {
      "name": "ShakeObject_PositionAngle",
      "type": "ShakeObject::ShakeObject_PositionAngle"
    },
    {
      "name": "ShakeObject_PositionAngleScale",
      "type": "ShakeObject::ShakeObject_PositionAngleScale"
    },
    {
      "name": "Text",
      "type": "TextContainerCapability::TextContainerBehavior"
    },
    {
      "name": "Tween",
      "type": "Tween::TweenBehavior"
    }
  ]
}