{
  "author": "",
  "category": "",
  "extensionNamespace": "",
  "fullName": "",
  "helpPath": "",
  "iconUrl": "",
  "name": "DialogBox",
  "previewIconUrl": "",
  "shortDescription": "",
  "version": "",
  "description": "",
  "tags": [],
  "authorIds": [],
  "dependencies": [],
  "globalVariables": [],
  "sceneVariables": [],
  "eventsFunctions": [],
  "eventsBasedBehaviors": [],
  "eventsBasedObjects": [
    {
      "areaMaxX": 600,
      "areaMaxY": 213,
      "areaMaxZ": 32,
      "areaMinX": 0,
      "areaMinY": 0,
      "areaMinZ": 0,
      "defaultName": "",
      "description": "",
      "fullName": "",
      "isInnerAreaFollowingParentSize": true,
      "isTextContainer": true,
      "isUsingLegacyInstancesRenderer": false,
      "name": "DialogBox",
      "eventsFunctions": [
        {
          "fullName": "",
          "functionType": "Action",
          "name": "onCreated",
          "sentence": "",
          "events": [
            {
              "type": "BuiltinCommonInstructions::Standard",
              "conditions": [],
              "actions": [
                {
                  "type": {
                    "value": "TextContainerCapability::TextContainerBehavior::SetValue"
                  },
                  "parameters": [
                    "Object",
                    "Text",
                    "=",
                    "Dialogue.AutoTyping::FullText()"
                  ]
                }
              ]
            }
          ],
          "parameters": [
            {
              "description": "Object",
              "name": "Object",
              "supplementaryInformation": "DialogBox::DialogBox",
              "type": "object"
            }
          ],
          "objectGroups": []
        },
        {
          "fullName": "",
          "functionType": "Action",
          "name": "doStepPostEvents",
          "sentence": "",
          "events": [
            {
              "type": "BuiltinCommonInstructions::Standard",
              "conditions": [
                {
                  "type": {
                    "value": "Visible"
                  },
                  "parameters": [
                    "Object"
                  ]
                },
                {
                  "type": {
                    "value": "BuiltinCommonInstructions::Once"
                  },
                  "parameters": []
                }
              ],
              "actions": [
                {
                  "type": {
                    "value": "AutoTyping::AutoTyping::RestartFromBeginning"
                  },
                  "parameters": [
                    "Dialogue",
                    "AutoTyping",
                    ""
                  ]
                },
                {
                  "type": {
                    "value": "Cache"
                  },
                  "parameters": [
                    "YesButton"
                  ]
                },
                {
                  "type": {
                    "value": "Cache"
                  },
                  "parameters": [
                    "NoButton"
                  ]
                }
              ]
            },
            {
              "type": "BuiltinCommonInstructions::Standard",
              "conditions": [
                {
                  "type": {
                    "value": "TextContainerCapability::TextContainerBehavior::Value"
                  },
                  "parameters": [
                    "Object",
                    "Text",
                    "!=",
                    "Dialogue.AutoTyping::FullText()"
                  ]
                }
              ],
              "actions": [
                {
                  "type": {
                    "value": "TextContainerCapability::TextContainerBehavior::SetValue"
                  },
                  "parameters": [
                    "Dialogue",
                    "Text",
                    "=",
                    "Object.Text::Value()"
                  ]
                },
                {
                  "type": {
                    "value": "Cache"
                  },
                  "parameters": [
                    "YesButton"
                  ]
                },
                {
                  "type": {
                    "value": "Cache"
                  },
                  "parameters": [
                    "NoButton"
                  ]
                }
              ]
            },
            {
              "type": "BuiltinCommonInstructions::Standard",
              "conditions": [
                {
                  "type": {
                    "value": "AutoTyping::AutoTyping::IsFinished"
                  },
                  "parameters": [
                    "Dialogue",
                    "AutoTyping",
                    ""
                  ]
                }
              ],
              "actions": [
                {
                  "type": {
                    "value": "Montre"
                  },
                  "parameters": [
                    "YesButton",
                    ""
                  ]
                },
                {
                  "type": {
                    "value": "Montre"
                  },
                  "parameters": [
                    "NoButton",
                    ""
                  ]
                }
              ]
            },
            {
              "type": "BuiltinCommonInstructions::Standard",
              "conditions": [
                {
                  "type": {
                    "value": "BuiltinCommonInstructions::Or"
                  },
                  "parameters": [],
                  "subInstructions": [
                    {
                      "type": {
                        "value": "PanelSpriteButton::PanelSpriteButton::IsHovered"
                      },
                      "parameters": [
                        "NoButton",
                        ""
                      ]
                    },
                    {
                      "type": {
                        "value": "PanelSpriteButton::PanelSpriteButton::IsHovered"
                      },
                      "parameters": [
                        "YesButton",
                        ""
                      ]
                    }
                  ]
                },
                {
                  "type": {
                    "value": "BuiltinCommonInstructions::Once"
                  },
                  "parameters": []
                }
              ],
              "actions": [
                {
                  "type": {
                    "value": "PlaySound"
                  },
                  "parameters": [
                    "",
                    "HoverSound.wav",
                    "",
                    "20",
                    "RandomFloatInRange(0.8,0.9)"
                  ]
                }
              ]
            }
          ],
          "parameters": [
            {
              "description": "Object",
              "name": "Object",
              "supplementaryInformation": "DialogBox::DialogBox",
              "type": "object"
            }
          ],
          "objectGroups": []
        },
        {
          "fullName": "\"Yes\" button clicked",
          "functionType": "Condition",
          "name": "IsYesClicked",
          "sentence": "\"Yes\" button of _PARAM0_ is clicked",
          "events": [
            {
              "type": "BuiltinCommonInstructions::Standard",
              "conditions": [
                {
                  "type": {
                    "value": "PanelSpriteButton::PanelSpriteButton::IsClicked"
                  },
                  "parameters": [
                    "YesButton",
                    ""
                  ]
                }
              ],
              "actions": [
                {
                  "type": {
                    "value": "SetReturnBoolean"
                  },
                  "parameters": [
                    "True"
                  ]
                }
              ]
            }
          ],
          "parameters": [
            {
              "description": "Object",
              "name": "Object",
              "supplementaryInformation": "DialogBox::DialogBox",
              "type": "object"
            }
          ],
          "objectGroups": []
        },
        {
          "fullName": "\"No\" button clicked",
          "functionType": "Condition",
          "name": "IsNoClicked",
          "sentence": "\"No\" button of _PARAM0_ is clicked",
          "events": [
            {
              "type": "BuiltinCommonInstructions::Standard",
              "conditions": [
                {
                  "type": {
                    "value": "PanelSpriteButton::PanelSpriteButton::IsClicked"
                  },
                  "parameters": [
                    "NoButton",
                    ""
                  ]
                }
              ],
              "actions": [
                {
                  "type": {
                    "value": "SetReturnBoolean"
                  },
                  "parameters": [
                    "True"
                  ]
                }
              ]
            }
          ],
          "parameters": [
            {
              "description": "Object",
              "name": "Object",
              "supplementaryInformation": "DialogBox::DialogBox",
              "type": "object"
            }
          ],
          "objectGroups": []
        }
      ],
      "propertyDescriptors": [],
      "objects": [
        {
          "assetStoreId": "90d94b6e3a23c34948e59eaaef4679740f8ab588696d59b21e0c0c2ef106b94d",
          "name": "NoButton",
          "type": "PanelSpriteButton::PanelSpriteButton",
          "variables": [],
          "effects": [],
          "behaviors": [
            {
              "name": "Anchor",
              "type": "AnchorBehavior::AnchorBehavior",
              "bottomEdgeAnchor": 2,
              "leftEdgeAnchor": 0,
              "relativeToOriginalWindowSize": true,
              "rightEdgeAnchor": 2,
              "topEdgeAnchor": 0,
              "useLegacyBottomAndRightAnchors": false
            }
          ],
          "content": {
            "LeftPadding": 8,
            "RightPadding": 8,
            "PressedLabelOffsetY": 0,
            "IdleLabelOffsetY": -8,
            "BottomPadding": 8,
            "TopPadding": 8,
            "MinimalWidth": 300
          },
          "childrenContent": {
            "Hovered": {
              "bottomMargin": 8,
              "height": 106,
              "leftMargin": 8,
              "rightMargin": 8,
              "texture": "Border2.png",
              "tiled": true,
              "topMargin": 8,
              "width": 256
            },
            "Idle": {
              "bottomMargin": 8,
              "height": 106,
              "leftMargin": 8,
              "rightMargin": 8,
              "texture": "Border.png",
              "tiled": true,
              "topMargin": 8,
              "width": 256
            },
            "Label": {
              "bold": false,
              "italic": false,
              "smoothed": true,
              "underlined": false,
              "string": "No",
              "font": "",
              "textAlignment": "left",
              "characterSize": 26,
              "color": {
                "b": 255,
                "g": 255,
                "r": 255
              },
              "content": {
                "bold": false,
                "isOutlineEnabled": false,
                "isShadowEnabled": false,
                "italic": false,
                "outlineColor": "255;255;255",
                "outlineThickness": 2,
                "shadowAngle": 90,
                "shadowBlurRadius": 2,
                "shadowColor": "0;0;0",
                "shadowDistance": 4,
                "shadowOpacity": 127,
                "smoothed": true,
                "underlined": false,
                "text": "No",
                "font": "",
                "textAlignment": "left",
                "verticalTextAlignment": "top",
                "characterSize": 26,
                "color": "255;255;255"
              }
            },
            "Pressed": {
              "bottomMargin": 8,
              "height": 106,
              "leftMargin": 8,
              "rightMargin": 8,
              "texture": "Border2.png",
              "tiled": true,
              "topMargin": 8,
              "width": 256
            }
          }
        },
        {
          "assetStoreId": "90d94b6e3a23c34948e59eaaef4679740f8ab588696d59b21e0c0c2ef106b94d",
          "name": "YesButton",
          "type": "PanelSpriteButton::PanelSpriteButton",
          "variables": [],
          "effects": [],
          "behaviors": [
            {
              "name": "Anchor",
              "type": "AnchorBehavior::AnchorBehavior",
              "bottomEdgeAnchor": 2,
              "leftEdgeAnchor": 0,
              "relativeToOriginalWindowSize": true,
              "rightEdgeAnchor": 2,
              "topEdgeAnchor": 0,
              "useLegacyBottomAndRightAnchors": false
            }
          ],
          "content": {
            "LeftPadding": 8,
            "RightPadding": 8,
            "PressedLabelOffsetY": 0,
            "IdleLabelOffsetY": -8,
            "BottomPadding": 8,
            "TopPadding": 8,
            "MinimalWidth": 300
          },
          "childrenContent": {
            "Hovered": {
              "bottomMargin": 8,
              "height": 106,
              "leftMargin": 8,
              "rightMargin": 8,
              "texture": "Border2.png",
              "tiled": true,
              "topMargin": 8,
              "width": 256
            },
            "Idle": {
              "bottomMargin": 8,
              "height": 106,
              "leftMargin": 8,
              "rightMargin": 8,
              "texture": "Border.png",
              "tiled": true,
              "topMargin": 8,
              "width": 256
            },
            "Label": {
              "bold": false,
              "italic": false,
              "smoothed": true,
              "underlined": false,
              "string": "Yes",
              "font": "",
              "textAlignment": "left",
              "characterSize": 26,
              "color": {
                "b": 255,
                "g": 255,
                "r": 255
              },
              "content": {
                "bold": false,
                "isOutlineEnabled": false,
                "isShadowEnabled": false,
                "italic": false,
                "outlineColor": "255;255;255",
                "outlineThickness": 2,
                "shadowAngle": 90,
                "shadowBlurRadius": 2,
                "shadowColor": "0;0;0",
                "shadowDistance": 4,
                "shadowOpacity": 127,
                "smoothed": true,
                "underlined": false,
                "text": "Yes",
                "font": "",
                "textAlignment": "left",
                "verticalTextAlignment": "top",
                "characterSize": 26,
                "color": "255;255;255"
              }
            },
            "Pressed": {
              "bottomMargin": 8,
              "height": 106,
              "leftMargin": 8,
              "rightMargin": 8,
              "texture": "Border2.png",
              "tiled": true,
              "topMargin": 8,
              "width": 256
            }
          }
        },
        {
          "assetStoreId": "",
          "bottomMargin": 16,
          "height": 48,
          "leftMargin": 16,
          "name": "TextBorder",
          "rightMargin": 16,
          "texture": "Border.png",
          "tiled": true,
          "topMargin": 16,
          "type": "PanelSpriteObject::PanelSprite",
          "width": 48,
          "variables": [],
          "effects": [],
          "behaviors": [
            {
              "name": "Anchor",
              "type": "AnchorBehavior::AnchorBehavior",
              "bottomEdgeAnchor": 2,
              "leftEdgeAnchor": 1,
              "relativeToOriginalWindowSize": true,
              "rightEdgeAnchor": 2,
              "topEdgeAnchor": 1,
              "useLegacyBottomAndRightAnchors": false
            }
          ]
        },
        {
          "assetStoreId": "",
          "name": "Dialogue",
          "type": "BitmapText::BitmapTextObject",
          "variables": [],
          "effects": [],
          "behaviors": [
            {
              "name": "Anchor",
              "type": "AnchorBehavior::AnchorBehavior",
              "bottomEdgeAnchor": 2,
              "leftEdgeAnchor": 1,
              "relativeToOriginalWindowSize": true,
              "rightEdgeAnchor": 2,
              "topEdgeAnchor": 1,
              "useLegacyBottomAndRightAnchors": false
            },
            {
              "name": "AutoTyping",
              "type": "AutoTyping::AutoTyping",
              "Text": "Text",
              "Interval": 0.05,
              "CharacterJustAdded": false,
              "FullText": "",
              "TypedText": ""
            }
          ],
          "content": {
            "text": "Do you want to battle?\nI have the best\ncreatures in town!",
            "opacity": 255,
            "scale": 2,
            "fontSize": 20,
            "tint": "255;255;255",
            "bitmapFontResourceName": "8BitOperatorPlus8Regular_Edited.fnt",
            "textureAtlasResourceName": "8BitOperatorPlus8Regular_Edited.png",
            "align": "left",
            "wordWrap": true
          }
        }
      ],
      "objectsFolderStructure": {
        "folderName": "__ROOT",
        "children": [
          {
            "objectName": "Dialogue"
          },
          {
            "objectName": "TextBorder"
          },
          {
            "objectName": "YesButton"
          },
          {
            "objectName": "NoButton"
          }
        ]
      },
      "objectsGroups": [],
      "layers": [
        {
          "ambientLightColorB": 200,
          "ambientLightColorG": 200,
          "ambientLightColorR": 200,
          "camera3DFarPlaneDistance": 10000,
          "camera3DFieldOfView": 45,
          "camera3DNearPlaneDistance": 3,
          "cameraType": "",
          "followBaseLayerCamera": false,
          "isLightingLayer": false,
          "isLocked": false,
          "name": "",
          "renderingType": "",
          "visibility": true,
          "cameras": [
            {
              "defaultSize": true,
              "defaultViewport": true,
              "height": 0,
              "viewportBottom": 1,
              "viewportLeft": 0,
              "viewportRight": 1,
              "viewportTop": 0,
              "width": 0
            }
          ],
          "effects": []
        }
      ],
      "instances": [
        {
          "angle": 0,
          "customSize": true,
          "depth": 1,
          "height": 124,
          "layer": "",
          "name": "Dialogue",
          "persistentUuid": "c7183394-9ca6-4c16-9d13-f0b7cfe803d8",
          "width": 554,
          "x": 19,
          "y": 18,
          "zOrder": 45,
          "numberProperties": [],
          "stringProperties": [],
          "initialVariables": []
        },
        {
          "angle": 0,
          "customSize": true,
          "depth": 0,
          "height": 213,
          "layer": "",
          "name": "TextBorder",
          "persistentUuid": "639d5661-817d-4faa-b33b-c0ff129c309a",
          "width": 600,
          "x": 0,
          "y": 0,
          "zOrder": 43,
          "numberProperties": [],
          "stringProperties": [],
          "initialVariables": []
        },
        {
          "angle": 0,
          "customSize": true,
          "depth": 32,
          "height": 36,
          "layer": "",
          "name": "YesButton",
          "persistentUuid": "a0ca78d3-0a23-4bbe-89de-fb2d0a53996c",
          "width": 96,
          "x": 359,
          "y": 160,
          "zOrder": 510,
          "numberProperties": [],
          "stringProperties": [],
          "initialVariables": []
        },
        {
          "angle": 0,
          "customSize": true,
          "depth": 32,
          "height": 36,
          "layer": "",
          "name": "NoButton",
          "persistentUuid": "6781aafa-3ae9-4820-bb97-682a524a0cf6",
          "width": 96,
          "x": 478,
          "y": 160,
          "zOrder": 510,
          "numberProperties": [],
          "stringProperties": [],
          "initialVariables": []
        }
      ]
    }
  ]
}